{
    "providers": [
		{"type": "bitmap","file": "item/logo/pvp.png","ascent": 8,"height": 8,"chars": [""]},
		{"type": "bitmap","file": "item/logo/pvp2.png","ascent": 8,"height": 8,"chars": [""]},
		{"type": "bitmap","file": "item/logo/mana.png","ascent": 10,"height": 10,"chars": [""]},
		{"type": "bitmap","file": "item/logo/bank.png","ascent": 10,"height": 10,"chars": [""]},
        {"type": "bitmap","file": "item/logo/space.png","ascent": -32768,"height": -3,"chars": ["⻔"]},
		
		{"type": "bitmap","file": "item/media/discord.png","ascent": 10,"height": 10,"chars": [""]},
		{"type": "bitmap","file": "item/media/facebook.png","ascent": 10,"height": 10,"chars": [""]},
		{"type": "bitmap","file": "item/media/instagram.png","ascent": 10,"height": 10,"chars": [""]},
		{"type": "bitmap","file": "item/media/tiktok.png","ascent": 10,"height": 10,"chars": [""]},
		{"type": "bitmap","file": "item/media/twitter.png","ascent": 10,"height": 10,"chars": [""]},
		{"type": "bitmap","file": "item/media/youtube.png","ascent": 10,"height": 10,"chars": [""]},
		{"type": "bitmap","file": "item/media/twitch.png","ascent": 10,"height": 10,"chars": [""]},
		
		
		{"type": "bitmap","file": "item/ranks/player.png","ascent": 7,"height": 7,"chars": [""]},
		{"type": "bitmap","file": "item/ranks/streamer.png","ascent": 7,"height": 7,"chars": [""]},
		{"type": "bitmap","file": "item/ranks/youtuber.png","ascent": 7,"height": 7,"chars": [""]},
		{"type": "bitmap","file": "item/ranks/tiktoker.png","ascent": 7,"height": 7,"chars": [""]},
		{"type": "bitmap","file": "item/ranks/helper.png","ascent": 7,"height": 7,"chars": [""]},
		{"type": "bitmap","file": "item/ranks/mod.png","ascent": 7,"height": 7,"chars": [""]},
		{"type": "bitmap","file": "item/ranks/admin.png","ascent": 7,"height": 7,"chars": [""]},
		{"type": "bitmap","file": "item/ranks/manager.png","ascent": 7,"height": 7,"chars": [""]},
		{"type": "bitmap","file": "item/ranks/developer.png","ascent": 7,"height": 7,"chars": [""]},
		{"type": "bitmap","file": "item/ranks/owner.png","ascent": 7,"height": 7,"chars": [""]},
		
		
		{"type": "bitmap","file": "item/ranks/vip.png","ascent": 7,"height": 7,"chars": [""]},
		{"type": "bitmap","file": "item/ranks/mvp.png","ascent": 7,"height": 7,"chars": [""]},
		{"type": "bitmap","file": "item/ranks/legend.png","ascent": 7,"height": 7,"chars": [""]},
		
		
		{"type": "bitmap","file": "item/ranks/sponsor_rank_vip.png","ascent": 7,"height": 7,"chars": [""]},
		{"type": "bitmap","file": "item/ranks/sponsor_rank_mvp.png","ascent": 7,"height": 7,"chars": [""]},
		{"type": "bitmap","file": "item/ranks/sponsor_rank_legend.png","ascent": 7,"height": 7,"chars": [""]},
		
		
		{"type": "bitmap","file": "item/ranks/rank_icon_player.png","ascent": 7,"height": 7,"chars": [""]},
		{"type": "bitmap","file": "item/ranks/rank_icon_streamer.png","ascent": 7,"height": 7,"chars": [""]},
		{"type": "bitmap","file": "item/ranks/rank_icon_streamer2.png","ascent": 7,"height": 7,"chars": [""]},
		{"type": "bitmap","file": "item/ranks/rank_icon_tiktoker.png","ascent": 7,"height": 7,"chars": [""]},
		{"type": "bitmap","file": "item/ranks/rank_icon_youtuber.png","ascent": 7,"height": 7,"chars": [""]},
		{"type": "bitmap","file": "item/ranks/staff_icon_helper.png","ascent": 7,"height": 7,"chars": [""]},
		{"type": "bitmap","file": "item/ranks/staff_icon_moderator.png","ascent": 7,"height": 7,"chars": [""]},
		{"type": "bitmap","file": "item/ranks/staff_icon_admin.png","ascent": 7,"height": 7,"chars": [""]},
		{"type": "bitmap","file": "item/ranks/staff_icon_manager.png","ascent": 7,"height": 7,"chars": [""]},
		{"type": "bitmap","file": "item/ranks/staff_icon_developer.png","ascent": 7,"height": 7,"chars": [""]},
		{"type": "bitmap","file": "item/ranks/staff_icon_owner.png","ascent": 7,"height": 7,"chars": [""]},
		
		
		{"type":"bitmap","file":"item/settings/settings.png","ascent":19,"height":256,"chars":[""]},
		{"type":"bitmap","file":"item/settings/settings2.png","ascent":19,"height":256,"chars":[""]},
		{"type":"bitmap","file":"item/settings/settings3.png","ascent":19,"height":256,"chars":[""]},
		
		
		{"type":"bitmap","file":"item/rift/the_rift.png","ascent":19,"height":256,"chars":[""]},
		{"type":"bitmap","file":"item/rift/the_rift2.png","ascent":19,"height":256,"chars":[""]},
		{"type":"bitmap","file":"item/rift/the_rift3.png","ascent":19,"height":256,"chars":[""]},
		{"type":"bitmap","file":"item/rift/the_rift4.png","ascent":19,"height":256,"chars":[""]},
		{"type":"bitmap","file":"item/rift/click_to_start.png","ascent":25,"height":25,"chars":[""]},
		{"type":"bitmap","file":"item/rift/not_unlocked.png","ascent":25,"height":25,"chars":[""]},
		{"type":"bitmap","file":"item/rift/in_progression.png","ascent":25,"height":25,"chars":[""]},
		{"type":"bitmap","file":"item/rift/completed.png","ascent":25,"height":25,"chars":[""]},
		
		
		{"type": "bitmap","file": "item/logo/survival.png","ascent": 43,"height": 55,"chars": ["섏섐","섑섒"]},
		{"type": "bitmap","file": "item/logo/survival.png","ascent": 43,"height": 65,"chars": ["셚셙","션셗"]},
		{"type": "bitmap","file": "item/logo/survival3.png","ascent": 16,"height": 16,"chars": [""]},
		{"type": "bitmap","file": "item/logo/click_to_play.png","ascent": 16,"height": 16,"chars": [""]},
		{"type": "bitmap","file": "item/logo/npc.png","ascent": 15,"height": 15,"chars": [""]},
		{"type": "bitmap","file": "item/logo/click_to_talk.png","ascent": 25,"height": 25,"chars": [""]},
		{"type": "bitmap","file": "item/logo/welcome.png","ascent": 16,"height": 16,"chars": [""]},
		
		
		{"type":"bitmap","file":"item/menu/survival_menu.png","ascent":55,"height":60,"chars":[""]},
		{"type":"bitmap","file":"item/menu/survival_menu_gui.png","ascent":19,"height":256,"chars":[""]},
		
		
		{"type":"bitmap","file":"item/kits/kits.png","ascent":19,"height":256,"chars":[""]},
		{"type":"bitmap","file":"item/kits/left_click_to_get.png","ascent":25,"height":25,"chars":[""]},
		{"type":"bitmap","file":"item/kits/right_click_to_preview.png","ascent":25,"height":25,"chars":[""]},
		{"type":"bitmap","file":"item/kits/no_permission.png","ascent":25,"height":25,"chars":[""]},
		{"type":"bitmap","file":"item/kits/cooldown.png","ascent":25,"height":25,"chars":[""]},
		
		
		{"type":"bitmap","file":"item/rank/ranks.png","ascent":19,"height":256,"chars":[""]},
		
		
		{"type":"bitmap","file":"item/warps/warps.png","ascent":19,"height":256,"chars":[""]},
		{"type":"bitmap","file":"item/warps/click_to_teleport.png","ascent":25,"height":25,"chars":[""]},
		
		
		{"type":"bitmap","file":"item/shop/itemshop_menu.png","ascent":19,"height":256,"chars":[""]},
		{"type":"bitmap","file":"item/shop/itemshop.png","ascent":19,"height":256,"chars":[""]},
		{"type":"bitmap","file":"item/shop/itemshop2.png","ascent":19,"height":256,"chars":[""]},
		{"type":"bitmap","file":"item/shop/itemshop3.png","ascent":19,"height":256,"chars":[""]},
		{"type":"bitmap","file":"item/shop/itemshop4.png","ascent":19,"height":256,"chars":[""]},
		{"type":"bitmap","file":"item/shop/click_to_open.png","ascent":25,"height":25,"chars":[""]},
		{"type":"bitmap","file":"item/shop/left_click_to_buy.png","ascent":25,"height":25,"chars":[""]},
		{"type":"bitmap","file":"item/shop/right_click_to_sell.png","ascent":25,"height":25,"chars":[""]},
		
		
		{"type":"bitmap","file":"item/upgrades/upgrades.png","ascent":19,"height":256,"chars":[""]},
		{"type":"bitmap","file":"item/upgrades/left_click_to_buy.png","ascent":25,"height":25,"chars":[""]},
		{"type":"bitmap","file":"item/upgrades/not_enough_money.png","ascent":25,"height":25,"chars":[""]},
		{"type":"bitmap","file":"item/upgrades/not_unlocked_yet.png","ascent":25,"height":25,"chars":[""]},
		{"type":"bitmap","file":"item/upgrades/already_bought.png","ascent":25,"height":25,"chars":[""]},
		
		{"type":"bitmap","file":"item/battlepass/battlepass_menu.png","ascent":19,"height":256,"chars":[""]},
		{"type":"bitmap","file":"item/battlepass/battlepass_menu2.png","ascent":19,"height":256,"chars":[""]},
		{"type":"bitmap","file":"item/battlepass/battlepass_menu3.png","ascent":19,"height":256,"chars":[""]},
		{"type":"bitmap","file":"item/battlepass/already_received.png","ascent":24,"height":24,"chars":[""]},
		{"type":"bitmap","file":"item/battlepass/not_unlocked_yet.png","ascent":24,"height":24,"chars":[""]},
		{"type":"bitmap","file":"item/battlepass/click_to_receive.png","ascent":24,"height":24,"chars":[""]},
		
		
		{"type":"bitmap","file":"item/profile/profile.png","ascent":19,"height":256,"chars":[""]},
		
		{"type":"bitmap","file":"item/guide/guide.png","ascent":19,"height":256,"chars":[""]},
		{"type":"bitmap","file":"item/guide/guide2.png","ascent":19,"height":256,"chars":[""]},
		
		
		{"type":"bitmap","file":"item/bossbar/bossbar.png","ascent":8,"height":16,"chars":[""]},
		
		
		{"type":"bitmap","file":"item/crates/daily_crate.png","ascent":19,"height":256,"chars":[""]},
		{"type":"bitmap","file":"item/crates/balanced_crate.png","ascent":19,"height":256,"chars":[""]},
		{"type":"bitmap","file":"item/crates/diversity_crate.png","ascent":19,"height":256,"chars":[""]},
		{"type":"bitmap","file":"item/crates/epic_crate.png","ascent":19,"height":256,"chars":[""]},
		{"type":"bitmap","file":"item/crates/left_click_to_preview.png","ascent":8,"height":8,"chars":[""]},
		{"type":"bitmap","file":"item/crates/right_click_to_open.png","ascent":8,"height":8,"chars":[""]},
		
		
		{"type":"bitmap","file":"item/jobs/jobs.png","ascent":19,"height":256,"chars":[""]},
		{"type":"bitmap","file":"item/jobs/left_click_to_get_hired.png","ascent":24,"height":24,"chars":[""]},
		{"type":"bitmap","file":"item/jobs/right_click_for_payouts.png","ascent":24,"height":24,"chars":[""]},
		{"type":"bitmap","file":"item/jobs/left_click_to_leave_job.png","ascent":24,"height":24,"chars":[""]},
		
		{"type":"bitmap","file":"item/auctions/no_bids.png","ascent":24,"height":24,"chars":[""]},
		{"type":"bitmap","file":"item/auctions/click_to_become_rich.png","ascent":24,"height":24,"chars":[""]},
		{"type":"bitmap","file":"item/auctions/click_to_manage.png","ascent":24,"height":24,"chars":[""]},
		{"type":"bitmap","file":"item/auctions/click_to_browse.png","ascent":24,"height":24,"chars":[""]},
		{"type":"bitmap","file":"item/auctions/click_to_view_items.png","ascent":24,"height":24,"chars":[""]},
		{"type":"bitmap","file":"item/auctions/click_to_search.png","ascent":24,"height":24,"chars":[""]},
		{"type":"bitmap","file":"item/auctions/click_to_switch.png","ascent":24,"height":24,"chars":[""]},
		{"type":"bitmap","file":"item/auctions/currently_browsing.png","ascent":24,"height":24,"chars":[""]},
		{"type":"bitmap","file":"item/auctions/click_to_submit.png","ascent":24,"height":24,"chars":[""]},
		{"type":"bitmap","file":"item/auctions/click_to_edit.png","ascent":24,"height":24,"chars":[""]},
		{"type":"bitmap","file":"item/auctions/no_item_selected.png","ascent":24,"height":24,"chars":[""]},
		{"type":"bitmap","file":"item/auctions/click_to_pickup.png","ascent":24,"height":24,"chars":[""]},
		{"type":"bitmap","file":"item/auctions/click_to_inspect.png","ascent":24,"height":24,"chars":[""]},
		{"type":"bitmap","file":"item/auctions/click_to_bid.png","ascent":24,"height":24,"chars":[""]},
		{"type":"bitmap","file":"item/auctions/click_to_end_auction.png","ascent":24,"height":24,"chars":[""]},
		{"type":"bitmap","file":"item/auctions/click_glass.png","ascent":100,"height":110,"chars":[""]},
		{"type":"bitmap","file":"item/auctions/click_to_buy.png","ascent":24,"height":24,"chars":[""]},
		{"type":"bitmap","file":"item/auctions/auctionbrowser.png","ascent":19,"height":256,"chars":[""]},
		{"type":"bitmap","file":"item/auctions/auction_menu.png","ascent":19,"height":256,"chars":[""]},
		{"type":"bitmap","file":"item/auctions/auction_creator.png","ascent":19,"height":256,"chars":[""]},
		{"type":"bitmap","file":"item/auctions/auctioncreator_confirm.png","ascent":19,"height":256,"chars":[""]},
		{"type":"bitmap","file":"item/auctions/auction_view.png","ascent":19,"height":256,"chars":[""]},

		
		{"type": "bitmap","file": "item/emojis/clown.png","ascent": 8,"height": 8,"chars": [""]},
		{"type": "bitmap","file": "item/emojis/dead.png","ascent": 8,"height": 8,"chars": [""]},
		{"type": "bitmap","file": "item/emojis/eyes.png","ascent": 8,"height": 8,"chars": [""]},
		{"type": "bitmap","file": "item/emojis/flushed.png","ascent": 8,"height": 8,"chars": [""]},
		{"type": "bitmap","file": "item/emojis/forme.png","ascent": 8,"height": 8,"chars": [""]},
		{"type": "bitmap","file": "item/emojis/hearteyes.png","ascent": 8,"height": 8,"chars": [""]},
		{"type": "bitmap","file": "item/emojis/laugh.png","ascent": 8,"height": 8,"chars": [""]},
		{"type": "bitmap","file": "item/emojis/look.png","ascent": 8,"height": 8,"chars": [""]},
		{"type": "bitmap","file": "item/emojis/money.png","ascent": 8,"height": 8,"chars": [""]},
		{"type": "bitmap","file": "item/emojis/ohyeah.png","ascent": 8,"height": 8,"chars": [""]},
		{"type": "bitmap","file": "item/emojis/party.png","ascent": 8,"height": 8,"chars": [""]},
		{"type": "bitmap","file": "item/emojis/shock.png","ascent": 8,"height": 8,"chars": [""]},
		{"type": "bitmap","file": "item/emojis/sick.png","ascent": 8,"height": 8,"chars": [""]},
		{"type": "bitmap","file": "item/emojis/thumbsup.png","ascent": 8,"height": 8,"chars": [""]},
		{"type": "bitmap","file": "item/emojis/thumbsdown.png","ascent": 8,"height": 8,"chars": [""]},
		{"type": "bitmap","file": "item/emojis/unamused.png","ascent": 8,"height": 8,"chars": [""]},
		{"type": "bitmap","file": "item/emojis/sunglasses.png","ascent": 8,"height": 8,"chars": [""]},
		
		{"type": "bitmap","file": "item/rewards/rewards1.png","ascent": 19,"height": 256,"chars": [""]},
		{"type": "bitmap","file": "item/rewards/rewards2.png","ascent": 19,"height": 257,"chars": [""]},

		{"type":"bitmap","file":"item/casino/slot.png","ascent":19,"height":256,"chars":[""]},
		{"type":"bitmap","file":"item/casino/bets.png","ascent":19,"height":256,"chars":[""]},
		{"type":"bitmap","file":"item/casino/blackjack.png","ascent":19,"height":256,"chars":[""]},
		{"type":"bitmap","file":"item/casino/crash_bet.png","ascent":19,"height":256,"chars":[""]},
		{"type":"bitmap","file":"item/casino/crash_crashed.png","ascent":19,"height":256,"chars":[""]},
		{"type":"bitmap","file":"item/casino/crash_stop.png","ascent":19,"height":256,"chars":[""]},
		{"type":"bitmap","file":"item/casino/lottery_bets.png","ascent":19,"height":256,"chars":[""]},
		{"type":"bitmap","file":"item/casino/lottery_start.png","ascent":19,"height":256,"chars":[""]},
		{"type":"bitmap","file":"item/casino/roulette.png","ascent":19,"height":256,"chars":[""]},
		{"type":"bitmap","file":"item/casino/roulette2.png","ascent":19,"height":256,"chars":[""]},
		{"type":"bitmap","file":"item/casino/roulette3.png","ascent":19,"height":256,"chars":[""]},
		{"type":"bitmap","file":"item/casino/blackjack_bet.png","ascent":19,"height":256,"chars":[""]},

		{"type":"bitmap","file":"item/casino/slotmachine_title.png","ascent":10,"height":20,"chars":[""]},
		{"type":"bitmap","file":"item/casino/crashmachine_title.png","ascent":15,"height":25,"chars":[""]},
		{"type":"bitmap","file":"item/casino/lotterymachine_title.png","ascent":15,"height":25,"chars":[""]},
		{"type":"bitmap","file":"item/casino/roulette_title.png","ascent":8,"height":18,"chars":[""]},
		{"type":"bitmap","file":"item/casino/blackjack_title.png","ascent":10,"height":20,"chars":[""]},
		
        {"type": "bitmap","file": "item/icons/1.png","ascent": 8,"height": 8,"chars": [""]},
		{"type": "bitmap","file": "item/icons/2.png","ascent": 8,"height": 8,"chars": [""]},
		{"type": "bitmap","file": "item/icons/3.png","ascent": 8,"height": 8,"chars": [""]},
		{"type": "bitmap","file": "item/icons/4.png","ascent": 8,"height": 8,"chars": [""]},
		{"type": "bitmap","file": "item/icons/5.png","ascent": 8,"height": 8,"chars": [""]},
		{"type": "bitmap","file": "item/icons/6.png","ascent": 8,"height": 8,"chars": [""]},
		{"type": "bitmap","file": "item/icons/7.png","ascent": 8,"height": 8,"chars": [""]},
		{"type": "bitmap","file": "item/icons/8.png","ascent": 8,"height": 8,"chars": [""]},
		{"type": "bitmap","file": "item/icons/9.png","ascent": 8,"height": 8,"chars": [""]},
		{"type": "bitmap","file": "item/icons/10.png","ascent": 8,"height": 8,"chars": [""]},
		{"type": "bitmap","file": "item/icons/11.png","ascent": 8,"height": 8,"chars": [""]},
		{"type": "bitmap","file": "item/icons/12.png","ascent": 8,"height": 8,"chars": [""]},
		{"type": "bitmap","file": "item/icons/13.png","ascent": 8,"height": 8,"chars": [""]},
		{"type": "bitmap","file": "item/icons/14.png","ascent": 8,"height": 8,"chars": [""]},
		{"type": "bitmap","file": "item/icons/15.png","ascent": 8,"height": 8,"chars": [""]},
		{"type": "bitmap","file": "item/icons/16.png","ascent": 8,"height": 8,"chars": [""]},
		{"type": "bitmap","file": "item/icons/17.png","ascent": 8,"height": 8,"chars": [""]},
		{"type": "bitmap","file": "item/icons/18.png","ascent": 8,"height": 8,"chars": [""]},
		{"type": "bitmap","file": "item/icons/19.png","ascent": 8,"height": 8,"chars": [""]},
		{"type": "bitmap","file": "item/icons/20.png","ascent": 8,"height": 8,"chars": [""]},
		{"type": "bitmap","file": "item/icons/21.png","ascent": 8,"height": 8,"chars": [""]},
		{"type": "bitmap","file": "item/icons/22.png","ascent": 8,"height": 8,"chars": [""]},
		{"type": "bitmap","file": "item/icons/23.png","ascent": 8,"height": 8,"chars": [""]},
		{"type": "bitmap","file": "item/icons/24.png","ascent": 8,"height": 8,"chars": [""]},
		{"type": "bitmap","file": "item/icons/25.png","ascent": 8,"height": 8,"chars": [""]},
		{"type": "bitmap","file": "item/icons/26.png","ascent": 8,"height": 8,"chars": [""]},
		{"type": "bitmap","file": "item/icons/27.png","ascent": 8,"height": 8,"chars": [""]},
		{"type": "bitmap","file": "item/icons/28.png","ascent": 8,"height": 8,"chars": [""]},
		{"type": "bitmap","file": "item/icons/29.png","ascent": 8,"height": 8,"chars": [""]},
		{"type": "bitmap","file": "item/icons/30.png","ascent": 8,"height": 8,"chars": [""]},
		{"type": "bitmap","file": "item/icons/31.png","ascent": 10,"height": 10,"chars": [""]},
		{"type": "bitmap","file": "item/icons/32.png","ascent": 8,"height": 8,"chars": [""]},
		{"type": "bitmap","file": "item/icons/33.png","ascent": 8,"height": 8,"chars": [""]},
		{"type": "bitmap","file": "item/icons/34.png","ascent": 8,"height": 8,"chars": [""]},
		{"type": "bitmap","file": "item/icons/35.png","ascent": 8,"height": 8,"chars": [""]},
        {"type": "bitmap","file": "item/icons/36.png","ascent": 8,"height": 8,"chars": [""]},
		{"type": "bitmap","file": "item/icons/37.png","ascent": 8,"height": 8,"chars": [""]},
		{"type": "bitmap","file": "item/icons/38.png","ascent": 8,"height": 8,"chars": [""]},
		{"type": "bitmap","file": "item/icons/39.png","ascent": 10,"height": 10,"chars": [""]},
		{"type": "bitmap","file": "item/icons/40.png","ascent": 8,"height": 8,"chars": [""]},
		{"type": "bitmap","file": "item/icons/41.png","ascent": 8,"height": 8,"chars": [""]},
		{"type": "bitmap","file": "item/icons/42.png","ascent": 8,"height": 8,"chars": [""]},
		{"type": "bitmap","file": "item/icons/43.png","ascent": 8,"height": 8,"chars": [""]},
		{"type": "bitmap","file": "item/icons/44.png","ascent": 10,"height": 10,"chars": [""]},
		{"type": "bitmap","file": "item/icons/45.png","ascent": 10,"height": 10,"chars": [""]},
		{"type": "bitmap","file": "item/icons/46.png","ascent": 8,"height": 8,"chars": [""]},
		{"type": "bitmap","file": "item/icons/47.png","ascent": 8,"height": 8,"chars": [""]},
		{"type": "bitmap","file": "item/icons/48.png","ascent": 8,"height": 8,"chars": [""]},
		{"type": "bitmap","file": "item/icons/49.png","ascent": 8,"height": 8,"chars": [""]},
		{"type": "bitmap","file": "item/icons/50.png","ascent": 10,"height": 10,"chars": [""]},
		{"type": "bitmap","file": "item/icons/51.png","ascent": 8,"height": 8,"chars": [""]},
		{"type": "bitmap","file": "item/icons/52.png","ascent": 8,"height": 8,"chars": [""]},
		{"type": "bitmap","file": "item/icons/53.png","ascent": 8,"height": 8,"chars": [""]},
		{"type": "bitmap","file": "item/icons/54.png","ascent": 8,"height": 8,"chars": [""]},
		{"type": "bitmap","file": "item/icons/55.png","ascent": 8,"height": 8,"chars": [""]},
		{"type": "bitmap","file": "item/icons/56.png","ascent": 8,"height": 8,"chars": [""]},
		{"type": "bitmap","file": "item/icons/57.png","ascent": 8,"height": 8,"chars": [""]},
		{"type": "bitmap","file": "item/icons/58.png","ascent": 8,"height": 8,"chars": [""]},
		{"type": "bitmap","file": "item/icons/59.png","ascent": 8,"height": 8,"chars": [""]},
		{"type": "bitmap","file": "item/icons/60.png","ascent": 8,"height": 8,"chars": [""]},
		{"type": "bitmap","file": "item/icons/61.png","ascent": 8,"height": 8,"chars": [""]},
		{"type": "bitmap","file": "item/icons/62.png","ascent": 8,"height": 8,"chars": [""]},
		{"type": "bitmap","file": "item/icons/63.png","ascent": 10,"height": 10,"chars": [""]},
		{"type": "bitmap","file": "item/icons/64.png","ascent": 8,"height": 8,"chars": [""]},
		{"type": "bitmap","file": "item/icons/65.png","ascent": 8,"height": 8,"chars": [""]},
		{"type": "bitmap","file": "item/icons/66.png","ascent": 8,"height": 8,"chars": [""]},
		{"type": "bitmap","file": "item/icons/67.png","ascent": 8,"height": 8,"chars": [""]},
		{"type": "bitmap","file": "item/icons/68.png","ascent": 8,"height": 8,"chars": [""]},
		{"type": "bitmap","file": "item/icons/69.png","ascent": 8,"height": 8,"chars": [""]},
		{"type": "bitmap","file": "item/icons/70.png","ascent": 8,"height": 8,"chars": [""]},
		{"type": "bitmap","file": "item/icons/71.png","ascent": 8,"height": 8,"chars": [""]},
		{"type": "bitmap","file": "item/icons/72.png","ascent": 8,"height": 8,"chars": [""]},
		{"type": "bitmap","file": "item/icons/73.png","ascent": 8,"height": 8,"chars": [""]},
		{"type": "bitmap","file": "item/icons/74.png","ascent": 8,"height": 8,"chars": [""]},
		{"type": "bitmap","file": "item/icons/75.png","ascent": 8,"height": 8,"chars": [""]},
		{"type": "bitmap","file": "item/icons/76.png","ascent": 8,"height": 8,"chars": [""]},
		{"type": "bitmap","file": "item/icons/77.png","ascent": 8,"height": 8,"chars": [""]},
		{"type": "bitmap","file": "item/icons/78.png","ascent": 8,"height": 8,"chars": [""]},
		{"type": "bitmap","file": "item/icons/79.png","ascent": 8,"height": 8,"chars": [""]},
		{"type": "bitmap","file": "item/icons/80.png","ascent": 8,"height": 8,"chars": [""]},
		{"type": "bitmap","file": "item/icons/81.png","ascent": 8,"height": 8,"chars": [""]},
		{"type": "bitmap","file": "item/icons/82.png","ascent": 8,"height": 8,"chars": [""]},
		{"type": "bitmap","file": "item/icons/83.png","ascent": 8,"height": 8,"chars": [""]},
		{"type": "bitmap","file": "item/icons/84.png","ascent": 8,"height": 8,"chars": [""]},
		{"type": "bitmap","file": "item/icons/85.png","ascent": 8,"height": 8,"chars": [""]},
		{"type": "bitmap","file": "item/icons/86.png","ascent": 8,"height": 8,"chars": [""]},
		{"type": "bitmap","file": "item/icons/87.png","ascent": 8,"height": 8,"chars": [""]},
		{"type": "bitmap","file": "item/icons/88.png","ascent": 8,"height": 8,"chars": [""]},
		{"type": "bitmap","file": "item/icons/89.png","ascent": 8,"height": 8,"chars": [""]},
		{"type": "bitmap","file": "item/icons/90.png","ascent": 8,"height": 8,"chars": [""]},
		{"type": "bitmap","file": "item/icons/91.png","ascent": 8,"height": 8,"chars": [""]},
		{"type": "bitmap","file": "item/icons/92.png","ascent": 8,"height": 8,"chars": [""]},
		{"type": "bitmap","file": "item/icons/93.png","ascent": 8,"height": 8,"chars": [""]},
		{"type": "bitmap","file": "item/icons/94.png","ascent": 8,"height": 8,"chars": [""]},
		{"type": "bitmap","file": "item/icons/95.png","ascent": 8,"height": 8,"chars": [""]},
		{"type": "bitmap","file": "item/icons/96.png","ascent": 8,"height": 8,"chars": [""]},
		{"type": "bitmap","file": "item/icons/97.png","ascent": 8,"height": 8,"chars": [""]},
		{"type": "bitmap","file": "item/icons/98.png","ascent": 8,"height": 8,"chars": [""]},
		{"type": "bitmap","file": "item/icons/99.png","ascent": 8,"height": 8,"chars": [""]},
		{"type": "bitmap","file": "item/icons/100.png","ascent": 8,"height": 8,"chars": [""]},
		{"type": "bitmap","file": "item/icons/101.png","ascent": 8,"height": 8,"chars": [""]},
		{"type": "bitmap","file": "item/icons/102.png","ascent": 8,"height": 8,"chars": [""]},
		{"type": "bitmap","file": "item/icons/103.png","ascent": 8,"height": 8,"chars": [""]},
		{"type": "bitmap","file": "item/icons/104.png","ascent": 8,"height": 8,"chars": [""]},
		{"type": "bitmap","file": "item/icons/105.png","ascent": 8,"height": 8,"chars": [""]},
		{"type": "bitmap","file": "item/icons/106.png","ascent": 8,"height": 8,"chars": [""]},
		{"type": "bitmap","file": "item/icons/107.png","ascent": 8,"height": 8,"chars": [""]},
		{"type": "bitmap","file": "item/icons/108.png","ascent": 8,"height": 8,"chars": [""]},
		{"type": "bitmap","file": "item/icons/109.png","ascent": 8,"height": 8,"chars": [""]},
		{"type": "bitmap","file": "item/icons/110.png","ascent": 8,"height": 8,"chars": [""]},
		{"type": "bitmap","file": "item/icons/111.png","ascent": 8,"height": 8,"chars": [""]},
		{"type": "bitmap","file": "item/icons/112.png","ascent": 8,"height": 8,"chars": [""]},
		{"type": "bitmap","file": "item/icons/113.png","ascent": 8,"height": 8,"chars": [""]},
		{"type": "bitmap","file": "item/icons/114.png","ascent": 8,"height": 8,"chars": [""]},
		{"type": "bitmap","file": "item/icons/115.png","ascent": 8,"height": 8,"chars": [""]},
		{"type": "bitmap","file": "item/icons/116.png","ascent": 8,"height": 8,"chars": [""]},
		{"type": "bitmap","file": "item/icons/117.png","ascent": 8,"height": 8,"chars": [""]},
		{"type": "bitmap","file": "item/icons/118.png","ascent": 8,"height": 8,"chars": [""]},
		{"type": "bitmap","file": "item/icons/119.png","ascent": 8,"height": 8,"chars": [""]},
		{"type": "bitmap","file": "item/icons/120.png","ascent": 8,"height": 8,"chars": [""]},
		{"type": "bitmap","file": "item/icons/121.png","ascent": 8,"height": 8,"chars": [""]},
		{"type": "bitmap","file": "item/icons/122.png","ascent": 8,"height": 8,"chars": [""]},
		{"type": "bitmap","file": "item/icons/123.png","ascent": 8,"height": 8,"chars": [""]},
		{"type": "bitmap","file": "item/icons/124.png","ascent": 8,"height": 8,"chars": [""]},
		{"type": "bitmap","file": "item/icons/125.png","ascent": 8,"height": 8,"chars": [""]},
		{"type": "bitmap","file": "item/icons/126.png","ascent": 8,"height": 8,"chars": [""]},
		{"type": "bitmap","file": "item/icons/127.png","ascent": 8,"height": 8,"chars": [""]},
		{"type": "bitmap","file": "item/icons/128.png","ascent": 8,"height": 8,"chars": [""]},
		{"type": "bitmap","file": "item/icons/129.png","ascent": 8,"height": 8,"chars": [""]},
		{"type": "bitmap","file": "item/icons/130.png","ascent": 8,"height": 8,"chars": [""]},
		{"type": "bitmap","file": "item/icons/131.png","ascent": 8,"height": 8,"chars": [""]},
		{"type": "bitmap","file": "item/icons/132.png","ascent": 8,"height": 8,"chars": [""]},
		{"type": "bitmap","file": "item/icons/133.png","ascent": 8,"height": 8,"chars": [""]},
		{"type": "bitmap","file": "item/icons/134.png","ascent": 8,"height": 8,"chars": [""]},
		{"type": "bitmap","file": "item/icons/135.png","ascent": 8,"height": 8,"chars": [""]},
		{"type": "bitmap","file": "item/icons/136.png","ascent": 8,"height": 8,"chars": [""]},
		{"type": "bitmap","file": "item/icons/137.png","ascent": 8,"height": 8,"chars": [""]},
		{"type": "bitmap","file": "item/icons/138.png","ascent": 8,"height": 8,"chars": [""]},
		{"type": "bitmap","file": "item/icons/139.png","ascent": 8,"height": 8,"chars": [""]},
		{"type": "bitmap","file": "item/icons/140.png","ascent": 8,"height": 8,"chars": [""]},
		{"type": "bitmap","file": "item/icons/141.png","ascent": 8,"height": 8,"chars": [""]},
		{"type": "bitmap","file": "item/icons/142.png","ascent": 8,"height": 8,"chars": [""]},
		{"type": "bitmap","file": "item/icons/143.png","ascent": 8,"height": 8,"chars": [""]},
		{"type": "bitmap","file": "item/icons/144.png","ascent": 8,"height": 8,"chars": [""]},
		{"type": "bitmap","file": "item/icons/145.png","ascent": 8,"height": 8,"chars": [""]},
		{"type": "bitmap","file": "item/icons/146.png","ascent": 8,"height": 8,"chars": [""]},
		{"type": "bitmap","file": "item/icons/147.png","ascent": 8,"height": 8,"chars": [""]},
		{"type": "bitmap","file": "item/icons/148.png","ascent": 8,"height": 8,"chars": [""]},
		{"type": "bitmap","file": "item/icons/149.png","ascent": 8,"height": 8,"chars": [""]},
		{"type": "bitmap","file": "item/icons/150.png","ascent": 8,"height": 8,"chars": [""]},
		{"type": "bitmap","file": "item/icons/151.png","ascent": 8,"height": 8,"chars": [""]},
		{"type": "bitmap","file": "item/icons/152.png","ascent": 8,"height": 8,"chars": [""]},
		{"type": "bitmap","file": "item/icons/153.png","ascent": 8,"height": 8,"chars": [""]},
		{"type": "bitmap","file": "item/icons/154.png","ascent": 8,"height": 8,"chars": [""]},
		{"type": "bitmap","file": "item/icons/155.png","ascent": 8,"height": 8,"chars": [""]},
		{"type": "bitmap","file": "item/icons/156.png","ascent": 8,"height": 8,"chars": [""]},
		{"type": "bitmap","file": "item/icons/157.png","ascent": 8,"height": 8,"chars": [""]},
		{"type": "bitmap","file": "item/icons/158.png","ascent": 8,"height": 8,"chars": [""]},
		{"type": "bitmap","file": "item/icons/159.png","ascent": 8,"height": 8,"chars": [""]},
		{"type": "bitmap","file": "item/icons/160.png","ascent": 8,"height": 8,"chars": [""]},
		{"type": "bitmap","file": "item/icons/161.png","ascent": 8,"height": 8,"chars": [""]},
		{"type": "bitmap","file": "item/icons/162.png","ascent": 8,"height": 8,"chars": [""]},
		{"type": "bitmap","file": "item/icons/163.png","ascent": 8,"height": 8,"chars": [""]},
		{"type": "bitmap","file": "item/icons/164.png","ascent": 8,"height": 8,"chars": [""]},
		{"type": "bitmap","file": "item/icons/165.png","ascent": 8,"height": 8,"chars": [""]},
		{"type": "bitmap","file": "item/icons/166.png","ascent": 8,"height": 8,"chars": [""]},
		{"type": "bitmap","file": "item/icons/167.png","ascent": 8,"height": 8,"chars": [""]},
		{"type": "bitmap","file": "item/icons/168.png","ascent": 8,"height": 8,"chars": [""]},
		{"type": "bitmap","file": "item/icons/169.png","ascent": 8,"height": 8,"chars": [""]},
		{"type": "bitmap","file": "item/icons/170.png","ascent": 8,"height": 8,"chars": [""]},
		{"type": "bitmap","file": "item/icons/171.png","ascent": 8,"height": 8,"chars": [""]},
		{"type": "bitmap","file": "item/icons/172.png","ascent": 8,"height": 8,"chars": [""]},
		{"type": "bitmap","file": "item/icons/173.png","ascent": 8,"height": 8,"chars": [""]},
		{"type": "bitmap","file": "item/icons/174.png","ascent": 8,"height": 8,"chars": [""]},
		{"type": "bitmap","file": "item/icons/175.png","ascent": 8,"height": 8,"chars": [""]},
		{"type": "bitmap","file": "item/icons/176.png","ascent": 8,"height": 8,"chars": [""]},
		{"type": "bitmap","file": "item/icons/177.png","ascent": 8,"height": 8,"chars": [""]},
		{"type": "bitmap","file": "item/icons/178.png","ascent": 8,"height": 8,"chars": [""]},
		{"type": "bitmap","file": "item/icons/179.png","ascent": 8,"height": 8,"chars": [""]},
		{"type": "bitmap","file": "item/icons/180.png","ascent": 8,"height": 8,"chars": [""]},
		{"type": "bitmap","file": "item/icons/181.png","ascent": 8,"height": 8,"chars": [""]},
		{"type": "bitmap","file": "item/icons/182.png","ascent": 8,"height": 8,"chars": [""]},
		{"type": "bitmap","file": "item/icons/183.png","ascent": 8,"height": 8,"chars": [""]},
		{"type": "bitmap","file": "item/icons/184.png","ascent": 8,"height": 8,"chars": [""]},
		{"type": "bitmap","file": "item/icons/185.png","ascent": 8,"height": 8,"chars": [""]},
		{"type": "bitmap","file": "item/icons/186.png","ascent": 8,"height": 8,"chars": [""]},
		{"type": "bitmap","file": "item/icons/187.png","ascent": 8,"height": 8,"chars": [""]},
		{"type": "bitmap","file": "item/icons/188.png","ascent": 8,"height": 8,"chars": [""]},
		{"type": "bitmap","file": "item/icons/189.png","ascent": 8,"height": 8,"chars": [""]},
		{"type": "bitmap","file": "item/icons/190.png","ascent": 8,"height": 8,"chars": [""]},
		{"type": "bitmap","file": "item/icons/191.png","ascent": 8,"height": 8,"chars": [""]},
		{"type": "bitmap","file": "item/icons/192.png","ascent": 8,"height": 8,"chars": [""]},
		{"type": "bitmap","file": "item/icons/193.png","ascent": 8,"height": 8,"chars": [""]},
		{"type": "bitmap","file": "item/icons/194.png","ascent": 8,"height": 8,"chars": [""]},
		{"type": "bitmap","file": "item/icons/195.png","ascent": 8,"height": 8,"chars": [""]},
		{"type": "bitmap","file": "item/icons/196.png","ascent": 8,"height": 8,"chars": [""]},
		{"type": "bitmap","file": "item/icons/197.png","ascent": 8,"height": 8,"chars": [""]},
		{"type": "bitmap","file": "item/icons/198.png","ascent": 8,"height": 8,"chars": [""]},
		{"type": "bitmap","file": "item/icons/199.png","ascent": 8,"height": 8,"chars": [""]},
		{"type": "bitmap","file": "item/icons/200.png","ascent": 8,"height": 8,"chars": [""]},
		{"type": "bitmap","file": "item/icons/201.png","ascent": 8,"height": 8,"chars": [""]},
		{"type": "bitmap","file": "item/icons/202.png","ascent": 8,"height": 8,"chars": [""]},
		{"type": "bitmap","file": "item/icons/203.png","ascent": 8,"height": 8,"chars": [""]},
		{"type": "bitmap","file": "item/icons/204.png","ascent": 8,"height": 8,"chars": [""]},
		{"type": "bitmap","file": "item/icons/205.png","ascent": 8,"height": 8,"chars": [""]},
		{"type": "bitmap","file": "item/icons/206.png","ascent": 8,"height": 8,"chars": [""]},
		{"type": "bitmap","file": "item/icons/207.png","ascent": 8,"height": 8,"chars": [""]},
		{"type": "bitmap","file": "item/icons/208.png","ascent": 8,"height": 8,"chars": [""]},
		{"type": "bitmap","file": "item/icons/209.png","ascent": 8,"height": 8,"chars": [""]},
		{"type": "bitmap","file": "item/icons/210.png","ascent": 8,"height": 8,"chars": [""]},
		{"type": "bitmap","file": "item/icons/211.png","ascent": 8,"height": 8,"chars": [""]},
		{"type": "bitmap","file": "item/icons/212.png","ascent": 8,"height": 8,"chars": [""]},
		{"type": "bitmap","file": "item/icons/213.png","ascent": 8,"height": 8,"chars": [""]},
		{"type": "bitmap","file": "item/icons/214.png","ascent": 8,"height": 8,"chars": [""]},
		{"type": "bitmap","file": "item/icons/215.png","ascent": 8,"height": 8,"chars": [""]},
		{"type": "bitmap","file": "item/icons/216.png","ascent": 8,"height": 8,"chars": [""]},
		{"type": "bitmap","file": "item/icons/217.png","ascent": 8,"height": 8,"chars": [""]},
		{"type": "bitmap","file": "item/icons/218.png","ascent": 8,"height": 8,"chars": [""]},
		{"type": "bitmap","file": "item/icons/219.png","ascent": 8,"height": 8,"chars": [""]},
		{"type": "bitmap","file": "item/icons/220.png","ascent": 8,"height": 8,"chars": [""]},
		{"type": "bitmap","file": "item/icons/221.png","ascent": 8,"height": 8,"chars": [""]},
		{"type": "bitmap","file": "item/icons/222.png","ascent": 8,"height": 8,"chars": [""]},
		{"type": "bitmap","file": "item/icons/223.png","ascent": 8,"height": 8,"chars": [""]},
		{"type": "bitmap","file": "item/icons/224.png","ascent": 8,"height": 8,"chars": [""]},
		{"type": "bitmap","file": "item/icons/225.png","ascent": 8,"height": 8,"chars": [""]},
		{"type": "bitmap","file": "item/icons/226.png","ascent": 8,"height": 8,"chars": [""]},
		{"type": "bitmap","file": "item/icons/227.png","ascent": 8,"height": 8,"chars": [""]},
		{"type": "bitmap","file": "item/icons/228.png","ascent": 8,"height": 8,"chars": [""]},
		{"type": "bitmap","file": "item/icons/229.png","ascent": 8,"height": 8,"chars": [""]},
		{"type": "bitmap","file": "item/icons/230.png","ascent": 8,"height": 8,"chars": [""]},
		{"type": "bitmap","file": "item/icons/231.png","ascent": 8,"height": 8,"chars": [""]},
		{"type": "bitmap","file": "item/icons/232.png","ascent": 8,"height": 8,"chars": [""]},
		{"type": "bitmap","file": "item/icons/233.png","ascent": 8,"height": 8,"chars": [""]},
		{"type": "bitmap","file": "item/icons/234.png","ascent": 8,"height": 8,"chars": [""]},
		{"type": "bitmap","file": "item/icons/235.png","ascent": 8,"height": 8,"chars": [""]},
		{"type": "bitmap","file": "item/icons/236.png","ascent": 8,"height": 8,"chars": [""]},
		{"type": "bitmap","file": "item/icons/237.png","ascent": 8,"height": 8,"chars": [""]},
		{"type": "bitmap","file": "item/icons/238.png","ascent": 8,"height": 8,"chars": [""]},
		{"type": "bitmap","file": "item/icons/239.png","ascent": 8,"height": 8,"chars": [""]},
		{"type": "bitmap","file": "item/icons/240.png","ascent": 8,"height": 8,"chars": [""]},
		{"type": "bitmap","file": "item/icons/241.png","ascent": 8,"height": 8,"chars": [""]},
		{"type": "bitmap","file": "item/icons/242.png","ascent": 8,"height": 8,"chars": [""]},
		{"type": "bitmap","file": "item/icons/243.png","ascent": 8,"height": 8,"chars": [""]},
		{"type": "bitmap","file": "item/icons/244.png","ascent": 8,"height": 8,"chars": [""]},
		{"type": "bitmap","file": "item/icons/245.png","ascent": 8,"height": 8,"chars": [""]},
		{"type": "bitmap","file": "item/icons/246.png","ascent": 8,"height": 8,"chars": [""]},
		{"type": "bitmap","file": "item/icons/247.png","ascent": 8,"height": 8,"chars": [""]},
		{"type": "bitmap","file": "item/icons/248.png","ascent": 8,"height": 8,"chars": [""]},
		{"type": "bitmap","file": "item/icons/249.png","ascent": 8,"height": 8,"chars": [""]},
		{"type": "bitmap","file": "item/icons/250.png","ascent": 8,"height": 8,"chars": [""]},
		{"type": "bitmap","file": "item/icons/251.png","ascent": 8,"height": 8,"chars": [""]},
		{"type": "bitmap","file": "item/icons/252.png","ascent": 8,"height": 8,"chars": [""]},
		{"type": "bitmap","file": "item/icons/253.png","ascent": 8,"height": 8,"chars": [""]},
		{"type": "bitmap","file": "item/icons/254.png","ascent": 8,"height": 8,"chars": [""]},
		{"type": "bitmap","file": "item/icons/255.png","ascent": 8,"height": 8,"chars": [""]},
		{"type": "bitmap","file": "item/icons/256.png","ascent": 8,"height": 8,"chars": [""]},
		{"type": "bitmap","file": "item/icons/257.png","ascent": 8,"height": 8,"chars": [""]},
		{"type": "bitmap","file": "item/icons/258.png","ascent": 8,"height": 8,"chars": [""]},
		{"type": "bitmap","file": "item/icons/259.png","ascent": 8,"height": 8,"chars": [""]},
        {"type": "bitmap","file": "item/icons/261.png","ascent": 8,"height": 8,"chars": [""]},
		{"type": "bitmap","file": "item/icons/262.png","ascent": 8,"height": 8,"chars": [""]},
		{"type": "bitmap","file": "item/icons/263.png","ascent": 8,"height": 8,"chars": [""]},
		{"type": "bitmap","file": "item/icons/264.png","ascent": 8,"height": 8,"chars": [""]},
		{"type": "bitmap","file": "item/icons/265.png","ascent": 8,"height": 8,"chars": [""]},
		{"type": "bitmap","file": "item/icons/266.png","ascent": 8,"height": 8,"chars": [""]},
		{"type": "bitmap","file": "item/icons/267.png","ascent": 8,"height": 8,"chars": [""]},
		{"type": "bitmap","file": "item/icons/268.png","ascent": 8,"height": 8,"chars": [""]},
		{"type": "bitmap","file": "item/icons/269.png","ascent": 8,"height": 8,"chars": [""]},
		{"type": "bitmap","file": "item/icons/270.png","ascent": 8,"height": 8,"chars": [""]},
		{"type": "bitmap","file": "item/icons/271.png","ascent": 8,"height": 8,"chars": [""]},
		{"type": "bitmap","file": "item/icons/272.png","ascent": 8,"height": 8,"chars": [""]},
		{"type": "bitmap","file": "item/icons/273.png","ascent": 8,"height": 8,"chars": [""]},
		{"type": "bitmap","file": "item/icons/274.png","ascent": 8,"height": 8,"chars": [""]},
		{"type": "bitmap","file": "item/icons/275.png","ascent": 8,"height": 8,"chars": [""]},
		{"type": "bitmap","file": "item/icons/276.png","ascent": 8,"height": 8,"chars": [""]},
		{"type": "bitmap","file": "item/icons/277.png","ascent": 8,"height": 8,"chars": [""]},
		{"type": "bitmap","file": "item/icons/278.png","ascent": 8,"height": 8,"chars": [""]},
		{"type": "bitmap","file": "item/icons/279.png","ascent": 8,"height": 8,"chars": [""]},
		{"type": "bitmap","file": "item/icons/280.png","ascent": 8,"height": 8,"chars": [""]},
		{"type": "bitmap","file": "item/icons/281.png","ascent": 8,"height": 8,"chars": [""]},
		{"type": "bitmap","file": "item/icons/282.png","ascent": 8,"height": 8,"chars": [""]},
		{"type": "bitmap","file": "item/icons/283.png","ascent": 8,"height": 8,"chars": [""]},
		{"type": "bitmap","file": "item/icons/284.png","ascent": 8,"height": 8,"chars": [""]},
		{"type": "bitmap","file": "item/icons/285.png","ascent": 8,"height": 8,"chars": [""]},
		{"type": "bitmap","file": "item/icons/286.png","ascent": 8,"height": 8,"chars": [""]},
		{"type": "bitmap","file": "item/icons/287.png","ascent": 8,"height": 8,"chars": [""]},
		{"type": "bitmap","file": "item/icons/288.png","ascent": 8,"height": 8,"chars": [""]},
		{"type": "bitmap","file": "item/icons/289.png","ascent": 8,"height": 8,"chars": [""]},
		{"type": "bitmap","file": "item/icons/290.png","ascent": 8,"height": 8,"chars": [""]},
		{"type": "bitmap","file": "item/icons/291.png","ascent": 8,"height": 8,"chars": [""]},
		{"type": "bitmap","file": "item/icons/292.png","ascent": 8,"height": 8,"chars": [""]},
		{"type": "bitmap","file": "item/icons/293.png","ascent": 8,"height": 8,"chars": [""]},
		{"type": "bitmap","file": "item/icons/294.png","ascent": 8,"height": 8,"chars": [""]},
		{"type": "bitmap","file": "item/icons/295.png","ascent": 8,"height": 8,"chars": [""]},
		{"type": "bitmap","file": "item/icons/296.png","ascent": 8,"height": 8,"chars": [""]},
		{"type": "bitmap","file": "item/icons/297.png","ascent": 8,"height": 8,"chars": [""]},
		{"type": "bitmap","file": "item/icons/298.png","ascent": 8,"height": 8,"chars": [""]},
		{"type": "bitmap","file": "item/icons/299.png","ascent": 8,"height": 8,"chars": [""]},
		{"type": "bitmap","file": "item/icons/300.png","ascent": 8,"height": 8,"chars": [""]},
		{"type": "bitmap","file": "item/icons/301.png","ascent": 8,"height": 8,"chars": [""]},
		{"type": "bitmap","file": "item/icons/302.png","ascent": 8,"height": 8,"chars": [""]},
		{"type": "bitmap","file": "item/icons/303.png","ascent": 8,"height": 8,"chars": [""]},
		{"type": "bitmap","file": "item/icons/304.png","ascent": 8,"height": 8,"chars": [""]},
		{"type": "bitmap","file": "item/icons/305.png","ascent": 8,"height": 8,"chars": [""]},
		{"type": "bitmap","file": "item/icons/306.png","ascent": 8,"height": 8,"chars": [""]},
		{"type": "bitmap","file": "item/icons/307.png","ascent": 8,"height": 8,"chars": [""]},
		{"type": "bitmap","file": "item/icons/308.png","ascent": 8,"height": 8,"chars": [""]},
		{"type": "bitmap","file": "item/icons/309.png","ascent": 8,"height": 8,"chars": [""]}
    ]
}